step,sim_time,x,y,yaw,subgoal,num_nodes,sg_x,sg_y,sg_yaw,goal_local_x,goal_local_y,goal_bearing_deg,pred_bearing_deg,modality,controller,v,w,latency,dist,similarity,state,wp0_x,wp0_y,wp0_yaw_deg,wp1_x,wp1_y,wp1_yaw_deg,wp2_x,wp2_y,wp2_yaw_deg,wp3_x,wp3_y,wp3_yaw_deg,wp4_x,wp4_y,wp4_yaw_deg,wp5_x,wp5_y,wp5_yaw_deg,wp6_x,wp6_y,wp6_yaw_deg,wp7_x,wp7_y,wp7_yaw_deg
1,69.708,-1.979,-1.655e-12,0.064255,0,15,-0.9716,0.0648,0.064255,1.0095,-1.9735e-05,-0.0011201,-1.4897,5,upstream,0.3,-0.046802,0.61522,1.0095,,running,0.1,-0.00625,-1.4236,0.18281,-0.0087891,-2.5501,0.275,-0.010205,-3.0986,0.37188,-0.012158,-4.1333,0.46563,-0.012109,-4.8463,0.56875,-0.014258,-6.0567,0.6625,-0.016797,-6.4512,0.75625,-0.021094,-7.0165
2,70.39,-1.9763,0.00032309,0.061205,0,15,-0.9716,0.0648,0.064255,1.0067,0.0029039,0.16526,-1.4237,5,upstream,0.3,-0.044727,0.26972,1.0067,,running,0.099609,-0.0063477,-1.3532,0.18281,-0.0087891,-2.428,0.275,-0.0099121,-2.958,0.37031,-0.011816,-4.0498,0.46563,-0.011572,-4.6534,0.56875,-0.013184,-6.0018,0.6625,-0.016016,-6.1811,0.75625,-0.020215,-6.6907
3,70.744,-1.8938,0.0053964,0.04453,0,15,-0.9716,0.0648,0.064255,0.92391,0.018293,1.1343,-0.90727,5,upstream,0.3,-0.028503,0.26839,0.92409,,running,0.099609,-0.0062988,-1.2917,0.18203,-0.0083496,-1.6913,0.27344,-0.0088379,-2.3531,0.36875,-0.009668,-3.0187,0.4625,-0.0073242,-3.2029,0.5625,-0.0063477,-4.5154,0.65625,-0.0069824,-4.7272,0.74688,-0.010059,-5.11
4,71.098,-1.7915,0.0098943,0.030463,0,15,-0.9716,0.0648,0.064255,0.82121,0.029907,2.0857,-0.53896,5,upstream,0.3,-0.016932,0.26791,0.82176,,running,0.1,-0.0062988,-1.1935,0.18203,-0.007959,-1.3321,0.27344,-0.0077148,-1.5575,0.36875,-0.007666,-1.9296,0.45938,-0.0043213,-2.4275,0.55938,-0.0018311,-3.4934,0.65313,-0.0015991,-3.9055,0.74375,-0.0045654,-4.3713
5,71.452,-1.6833,0.013118,0.02107,0,15,-0.9716,0.0648,0.064255,0.71267,0.036675,2.946,-0.30298,5,upstream,0.3,-0.0095184,0.25855,0.71361,,running,0.098828,-0.006543,-1.177,0.18125,-0.0076172,-1.2334,0.27188,-0.0072754,-1.2405,0.36719,-0.0064453,-1.6152,0.45938,-0.0024292,-1.887,0.55625,0.0010071,-2.6838,0.64688,0.001532,-3.3979,0.7375,-0.00020142,-3.5219
6,71.792,-1.5812,0.015244,0.015859,0,15,-0.9716,0.0648,0.064255,0.61034,0.039882,3.7387,-0.12279,5,upstream,0.3,-0.0038574,0.26479,0.61164,,running,0.098438,-0.006543,-1.2075,0.18047,-0.0076172,-0.80673,0.27031,-0.0068359,-0.96239,0.36094,-0.0052734,-1.1399,0.45,-0.00096436,-0.92986,0.54375,0.0033203,-1.7759,0.63438,0.0045166,-3.0272,0.725,0.0033936,-2.6633
7,72.136,-1.4792,0.016845,0.012985,1,15,0.0358,0.1296,0.064255,1.5163,0.093074,3.5125,0.027976,5,upstream,0.3,0.00087891,0.26737,0.50983,,running,0.098438,-0.0060547,-0.71616,0.18281,-0.007959,-1.0812,0.27344,-0.0075684,-1.0079,0.37031,-0.0062012,-1.2004,0.46563,0.00022736,-0.78679,0.56563,0.0056885,-1.2906,0.65938,0.012109,-0.76091,0.75,0.01709,0.18024
8,72.492,-1.3712,0.018229,0.011956,1,15,0.0358,0.1296,0.064255,1.4082,0.094542,3.8409,0.2223,5,upstream,0.3,0.0069837,0.26005,1.4114,,running,0.098438,-0.0063965,-0.65649,0.18203,-0.0077148,-0.90927,0.27344,-0.0072754,-0.84211,0.37031,-0.0053955,-1.1657,0.4625,0.0017944,-0.52454,0.56563,0.008252,-0.83923,0.65625,0.01416,-0.56558,0.74688,0.019434,0.53645
9,72.838,-1.2692,0.019431,0.012707,1,15,0.0358,0.1296,0.064255,1.3063,0.093579,4.0976,0.35537,5,upstream,0.3,0.011164,0.30487,1.3096,,running,0.098828,-0.00625,-0.72603,0.18203,-0.0075195,-0.80003,0.27188,-0.0066895,-0.68374,0.36875,-0.0046875,-0.80844,0.4625,0.0028687,-0.18738,0.5625,0.0098145,-0.4372,0.65625,0.01582,-0.11363,0.74688,0.02041,0.72436
10,73.232,-1.1493,0.020968,0.01586,1,15,0.0358,0.1296,0.064255,1.1866,0.089825,4.3288,0.43854,5,upstream,0.3,0.013777,0.27616,1.19,,running,0.098438,-0.0061035,-0.84232,0.18203,-0.0074707,-0.80003,0.27344,-0.0064941,-0.62735,0.36875,-0.0038818,-0.55252,0.4625,0.00354,0.064696,0.5625,0.010938,-0.15441,0.65625,0.01543,-0.025157,0.74375,0.019043,0.4852
11,73.578,-1.0474,0.02258,0.019823,1,15,0.0358,0.1296,0.064255,1.0851,0.085529,4.5069,0.55649,5,upstream,0.3,0.017483,0.26827,1.0885,,running,0.098438,-0.0062988,-0.60621,0.18203,-0.0074219,-0.69159,0.27188,-0.0063477,-0.60621,0.36719,-0.0031128,-0.18622,0.4625,0.0044922,0.4719,0.5625,0.012256,-0.091954,0.65625,0.017383,-0.067143,0.74688,0.019629,0.082234
12,73.918,-0.94552,0.024593,0.024737,1,15,0.0358,0.1296,0.064255,0.98362,0.080703,4.6905,0.542,5,upstream,0.3,0.017028,0.27652,0.98692,,running,0.099219,-0.00625,-0.53572,0.18125,-0.0073242,-0.5803,0.27188,-0.0061035,-0.30664,0.36719,-0.0031738,-0.24829,0.45938,0.0043457,0.15528,0.55938,0.011572,-0.61787,0.65,0.016016,-0.73559,0.74063,0.016699,-0.35097
13,74.27,-0.83771,0.027284,0.030997,1,15,0.0358,0.1296,0.064255,0.87626,0.075195,4.9048,0.57245,5,upstream,0.3,0.017984,0.27707,0.87948,,running,0.10078,-0.0064453,-0.67404,0.18125,-0.0072754,-0.46354,0.27188,-0.005835,-0.44938,0.36719,-0.0028687,-0.33222,0.45938,0.0045898,0.16916,0.55938,0.011377,-0.63542,0.65313,0.015039,-1.1241,0.74375,0.014941,-1.1001
14,74.628,-0.72992,0.030646,0.037199,1,15,0.0358,0.1296,0.064255,0.76887,0.070408,5.2322,0.44148,5,upstream,0.3,0.01387,0.2526,0.77208,,running,0.098828,-0.0061523,-0.78285,0.18047,-0.0074707,-0.39631,0.27031,-0.0058838,-0.46524,0.36406,-0.0031006,-0.45802,0.45625,0.0035156,-0.057688,0.55625,0.0090332,-0.83574,0.64688,0.012598,-1.8037,0.7375,0.011572,-1.8036
15,74.976,-0.62813,0.03445,0.043001,1,15,0.0358,0.1296,0.064255,0.66741,0.066521,5.6919,0.42586,5,upstream,0.3,0.013379,0.2632,0.67072,,running,0.098438,-0.0063477,-0.70914,0.17969,-0.0075684,-0.38215,0.26875,-0.0059326,-0.27492,0.36094,-0.0031006,-0.2072,0.45,0.0033447,0.15007,0.54688,0.0084473,-0.93014,0.6375,0.010645,-2.2851,0.73125,0.010059,-2.088
16,75.318,-0.52634,0.038834,0.047682,2,15,1.0432,0.1945,0.064255,1.5752,0.080678,2.932,-0.024619,5,upstream,0.3,-0.00077344,0.28503,0.56942,,running,0.098438,-0.0060059,-0.7507,0.18281,-0.0078613,-1.4025,0.275,-0.0074219,-1.4377,0.37344,-0.0064453,-1.4754,0.46875,-0.00020142,-0.90217,0.57188,0.0056396,-1.7067,0.66875,0.010205,-1.2325,0.75625,0.016895,-0.41003
17,75.684,-0.41257,0.044341,0.051598,2,15,1.0432,0.1945,0.064255,1.4616,0.074877,2.9327,0.045695,5,upstream,0.3,0.0014355,0.27505,1.4635,,running,0.098438,-0.0059082,-0.63088,0.18281,-0.0080566,-1.2968,0.27656,-0.007373,-1.3039,0.37344,-0.0062256,-1.4125,0.46875,0.00037384,-0.81795,0.56875,0.0058838,-1.4475,0.66563,0.010107,-1.3357,0.75313,0.016504,-0.4237
18,76.048,-0.30471,0.049903,0.051505,2,15,1.0432,0.1945,0.064255,1.3536,0.075011,3.1719,0.13354,5,upstream,0.3,0.0041953,0.27022,1.3556,,running,0.099219,-0.0060547,-0.77583,0.18281,-0.007959,-1.2029,0.275,-0.007373,-1.2264,0.37344,-0.0056152,-1.1609,0.46875,0.0010925,-0.63191,0.57188,0.0069336,-1.4405,0.66563,0.01084,-1.2629,0.75625,0.016895,-0.72305
19,76.402,-0.19688,0.055456,0.052259,2,15,1.0432,0.1945,0.064255,1.2456,0.074078,3.4034,0.27638,5,upstream,0.3,0.0086828,0.28515,1.2478,,running,0.098047,-0.0057373,-0.99696,0.18281,-0.0078125,-0.97654,0.275,-0.0071289,-1.0756,0.37188,-0.0047363,-1.007,0.46563,0.0022461,-0.25628,0.56563,0.0083496,-1.063,0.6625,0.012354,-0.8814,0.75313,0.016992,-0.78585
20,76.774,-0.08907,0.061087,0.05412,2,15,1.0432,0.1945,0.064255,1.1378,0.07197,3.6192,0.19152,5,upstream,0.3,0.0060167,0.2696,1.1401,,running,0.098438,-0.0058594,-1.0502,0.18281,-0.0078613,-1.1676,0.27656,-0.0069824,-1.3391,0.37344,-0.0051758,-1.1399,0.46563,0.0015564,-0.55468,0.56875,0.0070801,-1.5104,0.66563,0.0094727,-1.6374,0.75313,0.012988,-1.8172
21,77.136,0.018698,0.066944,0.057048,2,15,1.0432,0.1945,0.064255,1.0301,0.068934,3.8285,0.48391,5,upstream,0.3,0.015202,0.2859,1.0324,,running,0.098438,-0.0061035,-0.89868,0.18281,-0.0079102,-0.93409,0.27344,-0.0064453,-0.66612,0.37031,-0.00354,-0.32697,0.4625,0.0039062,0.078115,0.5625,0.010205,-0.60383,0.65625,0.013965,-0.92271,0.74688,0.016504,-1.2436
22,77.516,0.13244,0.073425,0.060118,2,15,1.0432,0.1945,0.064255,0.91639,0.066135,4.1278,0.49938,5,upstream,0.3,0.015688,0.27681,0.91878,,running,0.098828,-0.0060059,-0.97269,0.18281,-0.0074707,-0.85994,0.27188,-0.0063477,-0.55334,0.36875,-0.0033203,-0.22906,0.45938,0.0040039,0.13726,0.55938,0.01001,-0.46692,0.65313,0.013672,-1.3114,0.74063,0.015625,-1.3734
23,77.868,0.2401,0.079924,0.065627,2,15,1.0432,0.1945,0.064255,0.80888,0.061662,4.3593,0.21625,5,upstream,0.3,0.0067937,0.2638,0.81123,,running,0.098438,-0.0058105,-1.1207,0.18203,-0.0078613,-1.0656,0.27344,-0.0063965,-1.1136,0.36875,-0.0046875,-0.7763,0.4625,0.0017456,-0.74833,0.55938,0.0063965,-1.713,0.65313,0.0083984,-2.5383,0.74375,0.0094238,-2.5542
24,78.218,0.34176,0.086634,0.070326,2,15,1.0432,0.1945,0.064255,0.70728,0.05831,4.713,-0.022457,5,upstream,0.3,-0.00070552,0.27126,0.70968,,running,0.098438,-0.0059082,-1.2145,0.18203,-0.007959,-1.0827,0.27188,-0.0068848,-1.163,0.36719,-0.0050293,-1.014,0.45938,-0.00018005,-1.2351,0.55312,0.0037842,-2.223,0.64688,0.0041748,-3.5763,0.73438,0.005542,-3.5763
25,78.568,0.44945,0.094251,0.07222,2,15,1.0432,0.1945,0.064255,0.59944,0.057144,5.4455,0.054023,5,upstream,0.3,0.0016972,0.26714,0.60216,,running,0.096875,-0.0059326,-1.3128,0.18125,-0.0079102,-0.75012,0.27031,-0.0065918,-1.0079,0.36406,-0.0042725,-0.68189,0.45312,0.00042725,-0.92986,0.54688,0.0042725,-2.3487,0.64062,0.0044434,-3.9055,0.72813,0.0049316,-3.7941
26,78.924,0.55717,0.10204,0.072173,3,15,2.0506,0.2593,0.064255,1.5009,0.049164,1.8761,-0.60074,5,upstream,0.3,-0.018873,0.25084,0.49475,,running,0.099609,-0.005957,-1.1724,0.18438,-0.0083496,-1.8535,0.27969,-0.0089355,-2.4938,0.37813,-0.0091309,-2.7117,0.475,-0.0049805,-2.7536,0.57812,-0.0018188,-3.6878,0.67813,0.00024872,-3.6312,0.76562,0.0046143,-3.0272
27,79.26,0.65893,0.10946,0.070991,3,15,2.0506,0.2593,0.064255,1.3988,0.05075,2.0779,-0.47412,5,upstream,0.3,-0.014895,0.2569,1.3997,,running,0.10078,-0.0061279,-1.1373,0.18516,-0.0081543,-1.8394,0.27969,-0.0085449,-2.5079,0.37813,-0.0083984,-2.5682,0.475,-0.0039307,-2.5261,0.57812,-0.0013733,-3.5067,0.675,0.00089722,-3.7975,0.7625,0.0054688,-2.9174
28,79.6,0.75483,0.11628,0.065238,3,15,2.0506,0.2593,0.064255,1.3023,0.058241,2.5606,-0.35338,5,upstream,0.3,-0.011102,0.23569,1.3036,,running,0.10078,-0.0059814,-1.2264,0.18516,-0.0079102,-1.9666,0.27969,-0.008252,-2.1842,0.37656,-0.0077637,-2.2738,0.475,-0.0029297,-2.3158,0.57812,0.00029144,-3.1985,0.675,0.0026367,-3.6869,0.7625,0.0072266,-2.8133
29,79.934,0.85673,0.12292,0.060493,3,15,2.0506,0.2593,0.064255,1.1999,0.063952,3.0508,-0.2297,5,upstream,0.3,-0.0072162,0.26548,1.2016,,running,0.099609,-0.0057861,-1.3039,0.18438,-0.007959,-1.5495,0.27969,-0.007959,-1.9666,0.37813,-0.0069824,-1.9296,0.475,-0.0019043,-2.0214,0.575,0.0016479,-2.8344,0.675,0.0040039,-3.2997,0.7625,0.0083984,-2.6838
30,80.278,0.95863,0.12908,0.05699,3,15,2.0506,0.2593,0.064255,1.0976,0.067811,3.5353,-0.07215,5,upstream,0.3,-0.0022667,0.28308,1.0997,,running,0.1,-0.0061523,-1.163,0.18516,-0.007666,-1.6124,0.27969,-0.0076172,-1.8181,0.37813,-0.0059082,-1.6356,0.475,-0.00059814,-1.6917,0.57812,0.0037109,-2.6767,0.675,0.0067383,-2.6076,0.75938,0.0098633,-2.5188
31,80.654,1.0725,0.13554,0.054644,3,15,2.0506,0.2593,0.064255,0.98339,0.070152,4.0804,0.14229,5,upstream,0.3,0.0044702,0.26682,0.98589,,running,0.10078,-0.0062012,-1.004,0.18516,-0.0076172,-1.2383,0.27813,-0.0069824,-1.3656,0.37656,-0.0050049,-1.2356,0.47188,0.0011719,-1.0461,0.57188,0.0064453,-1.8671,0.66563,0.01084,-1.8877,0.75313,0.014063,-2.0375
32,81.01,1.1804,0.14142,0.054392,3,15,2.0506,0.2593,0.064255,0.87537,0.070396,4.5978,0.20454,5,upstream,0.3,0.0064259,0.25046,0.87819,,running,0.10156,-0.0060791,-0.97974,0.18672,-0.0074219,-1.1958,0.27969,-0.0064941,-1.3461,0.37656,-0.0045166,-1.2123,0.47188,0.0016846,-0.91632,0.56875,0.0070801,-1.7336,0.6625,0.010986,-1.9436,0.75,0.014258,-2.0651
33,81.348,1.2822,0.14696,0.056088,3,15,2.0506,0.2593,0.064255,0.77353,0.06909,5.104,0.12011,5,upstream,0.3,0.0037734,0.24895,0.77661,,running,0.10156,-0.0060303,-0.94782,0.18594,-0.0076172,-1.1676,0.27969,-0.0067383,-1.3955,0.375,-0.0044922,-1.3109,0.46875,0.00098267,-0.93746,0.56563,0.0059326,-1.8462,0.65938,0.0098633,-2.0811,0.74688,0.013867,-2.0375
34,81.686,1.384,0.15268,0.058029,3,15,2.0506,0.2593,0.064255,0.67171,0.067776,5.7617,0.054075,5,upstream,0.3,0.0016988,0.2523,0.67512,,running,0.10078,-0.0061768,-1.0882,0.18516,-0.0075195,-1.0301,0.27813,-0.0068359,-1.4659,0.37188,-0.0046875,-1.0952,0.46563,0.00043945,-1.1514,0.55938,0.0058105,-1.973,0.65313,0.0080078,-2.8094,0.7375,0.011182,-2.3539
35,82.022,1.4858,0.1586,0.059134,4,15,3.058,0.3241,0.064255,1.5793,0.07229,2.6208,-0.60559,5,upstream,0.3,-0.019025,0.26596,0.57375,,running,0.10234,-0.0062256,-1.0432,0.18672,-0.0077637,-2.2211,0.28125,-0.0086914,-2.5923,0.37813,-0.0089844,-3.1425,0.47813,-0.0050537,-3.0986,0.58125,-0.0032471,-4.3229,0.67813,-0.0011414,-4.4051,0.76562,0.0060547,-3.2631
36,82.376,1.5876,0.16469,0.05823,4,15,3.058,0.3241,0.064255,1.4772,0.073566,2.851,-0.21498,5,upstream,0.3,-0.0067537,0.27606,1.479,,running,0.10234,-0.0060547,-1.0854,0.18594,-0.0073242,-1.7263,0.28125,-0.0081055,-2.0997,0.37813,-0.0074707,-2.2457,0.475,-0.0017822,-2.1279,0.575,0.0016602,-2.9299,0.67188,0.0050537,-3.0645,0.75938,0.012793,-1.7624
37,82.74,1.7016,0.17124,0.052116,4,15,3.058,0.3241,0.064255,1.3626,0.081987,3.4434,-0.10301,5,upstream,0.3,-0.0032362,0.28678,1.365,,running,0.10234,-0.005957,-1.1207,0.18438,-0.0074219,-1.4704,0.27969,-0.0078613,-2.1983,0.375,-0.0063965,-1.804,0.47188,-0.00084839,-1.487,0.57188,0.0029419,-2.6908,0.66875,0.0067383,-2.8153,0.75938,0.014453,-1.5819
38,83.094,1.8035,0.17655,0.050031,4,15,3.058,0.3241,0.064255,1.2603,0.084626,3.8414,-0.019269,5,upstream,0.3,-0.00060534,0.2898,1.2632,,running,0.10078,-0.0058594,-1.0461,0.18438,-0.0077637,-1.6273,0.28125,-0.0080566,-1.9384,0.37656,-0.0062012,-1.811,0.47188,-0.00015869,-1.2616,0.57188,0.0043457,-2.4613,0.66875,0.0078613,-2.3305,0.75625,0.015234,-1.3322
39,83.472,1.9174,0.18224,0.048996,4,15,3.058,0.3241,0.064255,1.1462,0.085828,4.2823,0.18305,5,upstream,0.3,0.0057507,0.25502,1.1494,,running,0.10156,-0.0059082,-1.0925,0.18516,-0.0071777,-1.4917,0.27969,-0.0071289,-1.8885,0.37656,-0.0050537,-1.3268,0.47188,0.0015076,-0.83199,0.57188,0.0067871,-1.5927,0.66875,0.011377,-1.776,0.75625,0.017383,-1.1568
40,83.808,2.0192,0.18721,0.04926,4,15,3.058,0.3241,0.064255,1.0443,0.085571,4.6846,0.45651,5,upstream,0.3,0.014342,0.27893,1.0478,,running,0.10156,-0.0058594,-0.80708,0.18516,-0.0072266,-1.1012,0.27969,-0.0066406,-1.4929,0.37656,-0.0041992,-0.65907,0.47188,0.0037598,-0.17378,0.57188,0.01084,-0.74073,0.66563,0.015723,-0.9368,0.75313,0.021973,-0.71616
41,84.174,2.127,0.19251,0.051961,4,15,3.058,0.3241,0.064255,0.93655,0.083059,5.0681,0.66842,5,upstream,0.3,0.020999,0.23952,0.94022,,running,0.10156,-0.0057617,-0.67755,0.18516,-0.0067383,-0.97331,0.27969,-0.0061035,-0.87051,0.375,-0.0030396,-0.3877,0.46875,0.0054688,0.57801,0.56563,0.012256,-0.45292,0.65625,0.017969,-0.62245,0.74375,0.023535,-0.35567
42,84.508,2.2288,0.19778,0.057435,4,15,3.058,0.3241,0.064255,0.83513,0.078508,5.3704,0.59481,5,upstream,0.3,0.018686,0.24489,0.83881,,running,0.10078,-0.005835,-0.54415,0.18516,-0.0070313,-0.8561,0.27969,-0.0060303,-0.84232,0.37344,-0.0031982,-0.51958,0.46563,0.004834,0.42462,0.5625,0.011719,-0.33927,0.65625,0.016602,-0.70987,0.74063,0.021777,-0.16442
43,84.842,2.3304,0.20364,0.064348,4,15,3.058,0.3241,0.064255,0.73382,0.073424,5.7138,0.4204,5,upstream,0.3,0.013207,0.25763,0.73749,,running,0.10078,-0.0059814,-0.56744,0.18516,-0.0072754,-0.59326,0.27813,-0.0064941,-1.049,0.37188,-0.0038086,-0.66964,0.4625,0.0033936,0.12375,0.55312,0.0095215,-0.85272,0.64375,0.013086,-1.6075,0.72813,0.017773,-0.88829
44,85.188,2.4321,0.21021,0.070241,4,15,3.058,0.3241,0.064255,0.63239,0.069677,6.2875,0.63512,5,upstream,0.3,0.019953,0.26558,0.63622,,running,0.10156,-0.005957,-0.29139,0.18516,-0.0064453,-0.49379,0.27813,-0.0053467,-0.60268,0.37031,-0.0023193,-0.16852,0.4625,0.005127,0.44412,0.55312,0.012158,-0.32908,0.64062,0.014941,-1.4055,0.725,0.019922,-0.3822
45,85.538,2.5337,0.21735,0.075188,5,15,4.0654,0.3889,0.064255,1.5403,0.056011,2.0826,-0.51197,5,upstream,0.3,-0.016084,0.26891,0.53507,,running,0.10234,-0.0061279,-1.1233,0.18828,-0.007959,-2.0152,0.28281,-0.0087891,-2.6767,0.37813,-0.0088379,-2.6663,0.47813,-0.0042725,-2.9018,0.57812,-0.0010193,-3.5202,0.675,0.0013855,-3.6869,0.76875,0.0082031,-2.3126
46,85.894,2.6413,0.22558,0.079741,5,15,4.0654,0.3889,0.064255,1.4326,0.049359,1.9733,-0.58511,5,upstream,0.3,-0.018382,0.26746,1.4335,,running,0.10234,-0.0060791,-1.2264,0.18906,-0.0080078,-2.1363,0.28281,-0.0089355,-2.8174,0.38125,-0.0088867,-2.9861,0.47813,-0.0048828,-3.0544,0.57812,-0.0026245,-4.1377,0.675,-0.00039368,-3.908,0.76875,0.0053223,-2.9998
47,86.242,2.7491,0.23418,0.073748,5,15,4.0654,0.3889,0.064255,1.3242,0.05731,2.4782,-0.23698,5,upstream,0.3,-0.0074448,0.25394,1.3254,,running,0.10156,-0.0062988,-1.1514,0.1875,-0.007666,-1.8183,0.28281,-0.0081543,-2.2546,0.38125,-0.0074707,-2.1476,0.47813,-0.0019775,-2.0494,0.57812,0.0021484,-2.9861,0.675,0.0062012,-2.4691,0.76562,0.012451,-1.6041
48,86.578,2.8449,0.24125,0.068622,5,15,4.0654,0.3889,0.064255,1.2277,0.063621,2.9665,-0.15433,5,upstream,0.3,-0.0048483,0.25602,1.2294,,running,0.10156,-0.0062012,-1.2686,0.1875,-0.0075684,-1.7687,0.28281,-0.0077637,-2.339,0.38125,-0.0063477,-2.0634,0.47813,-0.0012878,-2.1983,0.57812,0.002063,-3.0283,0.67813,0.0054443,-2.8292,0.76875,0.010693,-2.4089
49,86.916,2.9468,0.24823,0.066267,5,15,4.0654,0.3889,0.064255,1.1255,0.066281,3.3702,-0.0020114,5,upstream,0.3,0,0.28331,1.1275,,running,0.10234,-0.0060547,-1.0812,0.1875,-0.0074707,-1.5414,0.28125,-0.0070313,-2.0232,0.38125,-0.0056641,-1.7338,0.47813,-1.6785e-05,-1.3532,0.57812,0.0047363,-2.2457,0.67813,0.0079102,-2.2335,0.76562,0.011182,-2.2714
50,87.266,3.0545,0.25537,0.06489,5,15,4.0654,0.3889,0.064255,1.0174,0.067702,3.8072,0.062901,5,upstream,0.3,0.0019761,0.25235,1.0196,,running,0.10234,-0.0062256,-0.86007,0.18828,-0.0074707,-1.6131,0.28281,-0.0070313,-1.7758,0.37969,-0.0055908,-1.6566,0.47813,0.0005249,-1.487,0.575,0.0054199,-2.2827,0.67188,0.0088379,-2.1919,0.75938,0.011035,-2.1751
51,87.604,3.1563,0.26198,0.06506,5,15,4.0654,0.3889,0.064255,0.9154,0.067553,4.2206,0.15166,5,upstream,0.3,0.0047646,0.26896,0.91789,,running,0.10234,-0.0063477,-0.8004,0.1875,-0.0074219,-1.1154,0.28125,-0.0063477,-1.635,0.37969,-0.005249,-1.4518,0.475,0.0012573,-1.2847,0.57188,0.0060547,-1.9026,0.66875,0.0097168,-2.0672,0.75938,0.011035,-2.5463
52,87.952,3.2581,0.2686,0.065944,5,15,4.0654,0.3889,0.064255,0.81348,0.066842,4.6973,0.10749,5,upstream,0.3,0.0033768,0.25019,0.81622,,running,0.10234,-0.0062012,-0.95111,0.18906,-0.0074219,-1.229,0.28281,-0.0062988,-1.3302,0.37969,-0.0048584,-1.2988,0.475,0.00089111,-1.1795,0.57188,0.005957,-2.0354,0.66875,0.0091797,-2.2612,0.75938,0.010059,-2.4913
53,88.288,3.3598,0.27532,0.067442,5,15,4.0654,0.3889,0.064255,0.71162,0.065771,5.2805,-0.020246,5,upstream,0.3,-0.00063605,0.23509,0.71465,,running,0.10234,-0.0063965,-1.0812,0.18828,-0.0072754,-1.2006,0.28281,-0.0063965,-1.7265,0.37813,-0.0050537,-1.5444,0.475,-0.00016785,-1.5104,0.57188,0.0038574,-2.7083,0.66875,0.005835,-3.0368,0.75938,0.0071289,-3.2631
54,88.622,3.4616,0.28221,0.068173,5,15,4.0654,0.3889,0.064255,0.60968,0.06531,6.1143,0.12599,5,upstream,0.3,0.003958,0.26588,0.61317,,running,0.10156,-0.0061523,-0.8004,0.18672,-0.0072754,-0.89873,0.27969,-0.0059082,-1.2898,0.37344,-0.0040283,-1.163,0.47188,0.0010376,-1.07,0.5625,0.0055664,-2.1756,0.65938,0.0075195,-2.7876,0.75,0.0095215,-3.0626
55,88.964,3.5633,0.28915,0.068296,6,15,5.0728,0.4537,0.064255,1.5172,0.061161,2.3085,-0.72193,5,upstream,0.3,-0.02268,0.26206,0.51187,,running,0.10156,-0.0057373,-1.1724,0.18906,-0.007959,-2.3624,0.28437,-0.0087891,-2.6064,0.38125,-0.0099121,-2.8233,0.48438,-0.0061035,-3.3665,0.58437,-0.0046631,-3.842,0.67813,-0.0018433,-3.8251,0.77188,0.0047119,-2.9311
56,89.31,3.6651,0.29618,0.067871,6,15,5.0728,0.4537,0.064255,1.4151,0.061691,2.4962,-0.58045,5,upstream,0.3,-0.018235,0.25487,1.4165,,running,0.10234,-0.0059814,-1.1303,0.18984,-0.0080566,-2.0797,0.28437,-0.008252,-2.4657,0.38281,-0.0093262,-2.8764,0.48438,-0.0049072,-2.8737,0.58437,-0.0026001,-3.9133,0.67813,0.00053101,-3.4242,0.76875,0.0056152,-2.9174
57,89.648,3.7671,0.30309,0.06055,6,15,5.0728,0.4537,0.064255,1.3125,0.071321,3.1105,-0.48857,5,upstream,0.3,-0.015349,0.24729,1.3144,,running,0.10156,-0.0060791,-1.3496,0.18906,-0.0080566,-2.0939,0.28437,-0.0083496,-2.4516,0.38125,-0.0086914,-2.8204,0.47813,-0.0040771,-2.6486,0.57812,-0.0017578,-3.5484,0.675,0.0020996,-3.2029,0.76562,0.0081543,-2.3632
58,89.984,3.869,0.30926,0.054599,6,15,5.0728,0.4537,0.064255,1.2099,0.078537,3.7141,-0.34961,5,upstream,0.3,-0.010983,0.2802,1.2124,,running,0.10156,-0.005957,-1.1654,0.18984,-0.0080566,-2.1022,0.28437,-0.007959,-2.2687,0.38125,-0.0077637,-2.3859,0.47813,-0.0029175,-2.3158,0.57812,0.00022736,-3.1005,0.675,0.0029175,-3.1199,0.76562,0.0083008,-2.6975
59,90.344,3.977,0.31512,0.049457,6,15,5.0728,0.4537,0.064255,1.1013,0.084236,4.3738,-0.079933,5,upstream,0.3,-0.0025112,0.27396,1.1045,,running,0.10156,-0.005957,-1.011,0.19063,-0.007666,-1.9035,0.28437,-0.007373,-2.0997,0.38281,-0.0065918,-1.9512,0.48125,-0.00067139,-1.6777,0.58125,0.003064,-2.6663,0.67813,0.006543,-2.4968,0.7625,0.011865,-2.4776
60,90.69,4.0789,0.32014,0.046311,6,15,5.0728,0.4537,0.064255,0.99897,0.087405,5.0004,0.17334,5,upstream,0.3,0.0054458,0.27064,1.0028,,running,0.10234,-0.0061279,-1.2286,0.18984,-0.007666,-1.3284,0.28437,-0.0064941,-1.6777,0.38125,-0.0050293,-1.4461,0.47813,0.0014465,-0.84584,0.575,0.00625,-1.7547,0.66875,0.0104,-1.679,0.75938,0.015332,-1.4758
61,91.052,4.1868,0.32511,0.046072,6,15,5.0728,0.4537,0.064255,0.89094,0.087647,5.6185,0.26946,5,upstream,0.3,0.0084652,0.23556,0.89524,,running,0.10234,-0.0059814,-1.0391,0.18984,-0.0077637,-1.229,0.28437,-0.0066406,-1.5152,0.37969,-0.0046387,-0.94782,0.475,0.0022339,-0.61436,0.57188,0.0068848,-1.5927,0.66875,0.011523,-1.6859,0.75625,0.01543,-1.9825
62,91.39,4.2887,0.3298,0.048225,6,15,5.0728,0.4537,0.064255,0.78918,0.085957,6.2161,0.28418,5,upstream,0.3,0.0089278,0.27618,0.79385,,running,0.10313,-0.0057617,-1.1233,0.18906,-0.0073242,-1.3266,0.28437,-0.0063965,-1.411,0.37969,-0.0044678,-1.0321,0.475,0.002356,-0.76832,0.56875,0.0070313,-1.4717,0.6625,0.010986,-1.9716,0.75,0.015332,-2.1063
63,91.736,4.3905,0.33471,0.051131,6,15,5.0728,0.4537,0.064255,0.6875,0.083959,6.9626,0.3572,5,upstream,0.3,0.011222,0.26213,0.69261,,running,0.10313,-0.0058594,-0.99306,0.1875,-0.0070801,-0.85595,0.28125,-0.005957,-1.3039,0.375,-0.0036865,-0.70841,0.47188,0.0029419,-0.30894,0.56563,0.0074707,-1.2475,0.65625,0.011279,-1.887,0.74375,0.015332,-1.5973
64,92.1,4.5042,0.34055,0.054757,7,15,6.0802,0.5186,0.064255,1.5833,0.091532,3.3086,-0.45909,5,upstream,0.3,-0.014423,0.23666,0.5797,,running,0.10391,-0.0061279,-0.84603,0.18984,-0.0076172,-1.9035,0.28594,-0.0081055,-2.3624,0.38438,-0.0089844,-2.5541,0.4875,-0.0039062,-2.7223,0.5875,-0.00032349,-3.5344,0.68438,0.0033447,-2.6838,0.775,0.012207,-1.6807
65,92.434,4.6001,0.34587,0.056228,7,15,6.0802,0.5186,0.064255,1.4875,0.089272,3.4345,-0.20215,5,upstream,0.3,-0.0063508,0.25322,1.4902,,running,0.10313,-0.0061035,-0.91272,0.18906,-0.0072266,-2.0028,0.28594,-0.0076172,-1.9384,0.38281,-0.007666,-2.3208,0.48438,-0.001709,-2.1616,0.58437,0.0028198,-2.3158,0.68125,0.0076172,-1.7899,0.77188,0.016797,-0.95714
66,92.77,4.702,0.35158,0.05195,7,15,6.0802,0.5186,0.064255,1.385,0.095226,3.9332,-0.041783,5,upstream,0.3,-0.0013127,0.28498,1.3883,,running,0.10313,-0.0061279,-0.98292,0.18828,-0.0071777,-1.6692,0.28437,-0.0072754,-2.0656,0.38125,-0.0069824,-2.0152,0.48125,-0.00035095,-1.6286,0.58125,0.0046387,-2.2878,0.68125,0.0096191,-1.4527,0.76875,0.018945,-0.69895
67,93.124,4.8099,0.35717,0.050026,7,15,6.0802,0.5186,0.064255,1.2768,0.097705,4.376,0.21073,5,upstream,0.3,0.0066203,0.26787,1.2805,,running,0.10234,-0.0061035,-0.86358,0.18828,-0.0070801,-1.2787,0.28437,-0.0068848,-1.4293,0.38125,-0.0056641,-1.5444,0.48125,0.00177,-0.78241,0.58125,0.0076172,-1.411,0.67813,0.012451,-0.91599,0.76875,0.020996,-0.28579
68,93.47,4.9118,0.36225,0.050179,7,15,6.0802,0.5186,0.064255,1.1748,0.097549,4.7467,0.31246,5,upstream,0.3,0.0098163,0.27141,1.1788,,running,0.10234,-0.0060303,-0.95484,0.1875,-0.0069336,-1.4846,0.28437,-0.0066406,-1.4307,0.38125,-0.0050049,-1.2216,0.48125,0.0026245,-0.69079,0.58125,0.0090332,-1.2546,0.67813,0.01416,-0.81885,0.76562,0.021875,-0.5027
69,93.818,5.0136,0.36735,0.052647,7,15,6.0802,0.5186,0.064255,1.0731,0.094908,5.0543,0.40402,5,upstream,0.3,0.012693,0.28258,1.0773,,running,0.10469,-0.0058594,-0.87411,0.18984,-0.0069336,-1.3994,0.28594,-0.0060791,-1.2898,0.38125,-0.0043457,-1.1489,0.48125,0.0033936,-0.61568,0.58125,0.010303,-1.2757,0.67813,0.01582,-0.86395,0.76562,0.02207,-0.87796
70,94.178,5.1214,0.37304,0.056365,7,15,6.0802,0.5186,0.064255,0.96553,0.091314,5.4026,0.33135,5,upstream,0.3,0.01041,0.28026,0.96983,,running,0.10469,-0.0059082,-0.94782,0.19063,-0.0069824,-1.5048,0.2875,-0.0064453,-1.6138,0.38438,-0.0044434,-1.4952,0.48125,0.0027832,-0.90579,0.57812,0.0091309,-1.5504,0.675,0.013379,-1.1189,0.75938,0.020996,-0.83273
71,94.548,5.2291,0.37914,0.060789,7,15,6.0802,0.5186,0.064255,0.85803,0.087497,5.8225,0.51197,5,upstream,0.3,0.016084,0.25831,0.86248,,running,0.10391,-0.0060791,-0.82525,0.18984,-0.0067871,-1.4549,0.28594,-0.0062012,-1.4025,0.38125,-0.0034424,-1.1348,0.47813,0.0042725,-0.29369,0.57188,0.0104,-1.325,0.66875,0.016113,-0.78069,0.75313,0.022168,-0.73559
72,94.886,5.3368,0.38569,0.06499,7,15,6.0802,0.5186,0.064255,0.7505,0.084348,6.4125,0.35254,5,upstream,0.3,0.011075,0.28107,0.75522,,running,0.10391,-0.0059326,-0.81476,0.18906,-0.0066895,-1.1816,0.28594,-0.0061279,-1.6005,0.37969,-0.0041748,-1.376,0.47813,0.0029419,-0.71193,0.57188,0.0085449,-1.5645,0.66875,0.011768,-1.679,0.75313,0.01709,-1.7555
73,95.242,5.4444,0.39273,0.07035,7,15,6.0802,0.5186,0.064255,0.64307,0.080865,7.1672,0.38325,5,upstream,0.3,0.01204,0.26019,0.64814,,running,0.10313,-0.0061768,-0.57,0.18984,-0.0064941,-1.1601,0.28594,-0.0058838,-1.487,0.38125,-0.0037354,-1.5152,0.47813,0.0031982,-0.67936,0.57188,0.0089844,-1.5857,0.66875,0.011621,-2.0135,0.75313,0.016113,-1.9
74,95.596,5.5461,0.39989,0.074187,8,15,7.0876,0.5834,0.064255,1.5509,0.068743,2.538,-0.95828,5,upstream,0.3,-0.030105,0.26546,0.54718,,running,0.10234,-0.0059326,-1.4321,0.18906,-0.0083984,-2.5663,0.2875,-0.0096191,-3.1814,0.38594,-0.011914,-3.9974,0.4875,-0.0081543,-4.2103,0.59063,-0.0075684,-5.4816,0.6875,-0.0069824,-4.8739,0.775,0.0036133,-3.3827
75,95.958,5.6537,0.40803,0.075488,8,15,7.0876,0.5834,0.064255,1.443,0.06673,2.6476,-0.76895,5,upstream,0.3,-0.024157,0.2661,1.4446,,running,0.10391,-0.0061279,-1.018,0.18906,-0.0082031,-2.3718,0.2875,-0.0097168,-3.3507,0.3875,-0.011279,-4.0657,0.4875,-0.006543,-4.0695,0.5875,-0.0050781,-5.0062,0.68438,-0.0052002,-4.884,0.775,0.0049805,-3.7146
76,96.296,5.7557,0.41572,0.065644,8,15,7.0876,0.5834,0.064255,1.3401,0.079948,3.4142,-0.62837,5,upstream,0.3,-0.019741,0.27264,1.3424,,running,0.10469,-0.00625,-1.007,0.18984,-0.0078125,-2.4382,0.28906,-0.009082,-2.9299,0.39062,-0.0104,-3.8141,0.4875,-0.0053467,-3.4635,0.59063,-0.0037354,-4.6605,0.6875,-0.0029663,-4.3559,0.77188,0.0080078,-3.0922
77,96.638,5.8577,0.42241,0.057696,8,15,7.0876,0.5834,0.064255,1.2372,0.089802,4.1516,-0.31766,5,upstream,0.3,-0.0099797,0.27784,1.2404,,running,0.10391,-0.0057861,-0.88815,0.18906,-0.0074219,-1.8467,0.2875,-0.0080566,-2.6026,0.3875,-0.0086426,-2.9299,0.48438,-0.0026855,-2.6167,0.5875,0.00067749,-3.6044,0.68125,0.003125,-3.2836,0.76562,0.011328,-2.4691
78,97.008,5.9716,0.42891,0.051046,8,15,7.0876,0.5834,0.064255,1.1224,0.097351,4.9571,0.020265,5,upstream,0.3,0.00063664,0.25776,1.1266,,running,0.10469,-0.0058594,-0.85672,0.19063,-0.0072266,-1.7899,0.28906,-0.007373,-2.3907,0.38906,-0.007373,-2.4938,0.4875,0.00017242,-1.9589,0.5875,0.0043945,-2.8484,0.68438,0.0071777,-2.7461,0.76875,0.016309,-2.1365
79,97.342,6.0736,0.43408,0.048557,8,15,7.0876,0.5834,0.064255,1.0201,0.099927,5.5948,0.38986,5,upstream,0.3,0.012248,0.2914,1.025,,running,0.10391,-0.0057617,-0.85322,0.18906,-0.0069824,-1.2889,0.28906,-0.0065918,-1.8111,0.3875,-0.0050293,-1.5927,0.48438,0.0032959,-0.6546,0.58437,0.0093262,-1.7899,0.68125,0.013574,-1.3286,0.7625,0.022168,-1.027
80,97.71,6.1814,0.43929,0.049657,8,15,7.0876,0.5834,0.064255,0.91223,0.098957,6.1911,0.43895,5,upstream,0.3,0.01379,0.27372,0.91758,,running,0.10156,-0.0053467,-0.82175,0.18828,-0.0072754,-1.1314,0.2875,-0.0066406,-1.5575,0.3875,-0.0048096,-1.2898,0.48438,0.0037109,-0.67583,0.58125,0.01001,-1.7192,0.675,0.014355,-1.5163,0.75938,0.021387,-1.1796
81,98.062,6.2892,0.44465,0.054193,8,15,7.0876,0.5834,0.064255,0.80478,0.095296,6.7531,0.57341,5,upstream,0.3,0.018014,0.27932,0.8104,,running,0.10234,-0.0054443,-0.74133,0.18828,-0.0068848,-1.0913,0.2875,-0.0058838,-1.4363,0.38438,-0.0035889,-1.022,0.47813,0.0047852,-0.082597,0.575,0.011768,-0.96565,0.66563,0.016406,-0.96888,0.74688,0.023438,-0.40945
82,98.426,6.3969,0.4505,0.059503,8,15,7.0876,0.5834,0.064255,0.69741,0.091589,7.4817,0.5266,5,upstream,0.3,0.016544,0.26403,0.7034,,running,0.10156,-0.0055664,-0.7302,0.18906,-0.007373,-1.1269,0.28594,-0.0062012,-1.2737,0.38438,-0.0037354,-0.99069,0.47813,0.0043945,-0.22646,0.56875,0.0099121,-1.0119,0.65938,0.012207,-1.8603,0.74063,0.017383,-1.3738
83,98.774,6.4985,0.45656,0.065519,8,15,7.0876,0.5834,0.064255,0.5961,0.087996,8.3973,0.63313,5,upstream,0.3,0.01989,0.28336,0.60256,,running,0.10234,-0.005542,-0.4915,0.18828,-0.0070801,-0.73764,0.28594,-0.0055664,-0.82796,0.38281,-0.0026978,-0.59916,0.475,0.005249,-0.023885,0.56563,0.012256,-0.84169,0.65625,0.015723,-1.1418,0.7375,0.020898,-0.93713
84,99.132,6.6062,0.46364,0.071703,9,15,8.095,0.6482,0.34002,1.4982,0.077425,2.9583,-1.9608,5,upstream,0.3,-0.0616,0.26402,0.49612,,running,0.10469,-0.0063477,-2.1336,0.19219,-0.0095703,-4.0977,0.28906,-0.012695,-5.3977,0.39219,-0.016992,-6.0441,0.49063,-0.016797,-6.7638,0.59063,-0.019824,-7.5394,0.68438,-0.022363,-7.2343,0.77813,-0.016406,-6.0567
85,99.474,6.7078,0.47115,0.073462,9,15,8.095,0.6482,0.34002,1.3964,0.074759,3.0645,-2.0842,5,upstream,0.3,-0.065477,0.25611,1.3984,,running,0.10625,-0.0060791,-2.2598,0.19219,-0.0094238,-4.0695,0.29063,-0.013379,-5.2021,0.39219,-0.018066,-6.3248,0.49375,-0.017969,-6.9321,0.59063,-0.021973,-7.4553,0.6875,-0.02334,-6.9336,0.775,-0.015137,-5.6607
86,99.81,6.8101,0.47867,0.052223,9,15,8.095,0.6482,0.34002,1.292,0.10223,4.5241,-1.7557,5,upstream,0.3,-0.055158,0.28833,1.296,,running,0.10469,-0.005957,-2.1811,0.19063,-0.0096191,-3.801,0.29063,-0.012695,-4.8663,0.39219,-0.016992,-5.7384,0.49063,-0.015039,-6.0119,0.5875,-0.016797,-6.3772,0.68438,-0.01748,-5.6171,0.77188,-0.0071777,-3.6183
87,100.17,6.9185,0.48421,0.029427,9,15,8.095,0.6482,0.34002,1.1808,0.1293,6.2493,-1.0141,5,upstream,0.3,-0.03186,0.24429,1.1879,,running,0.10547,-0.0058838,-1.6286,0.19297,-0.0089844,-3.0986,0.29063,-0.010352,-3.9974,0.39531,-0.0125,-3.9413,0.49375,-0.0087402,-3.816,0.59375,-0.0075684,-4.5125,0.6875,-0.0050049,-2.9745,0.76562,0.0097656,-0.62944
88,100.51,7.0209,0.48713,0.012889,9,15,8.095,0.6482,0.34002,1.0761,0.14721,7.79,-0.34719,5,upstream,0.3,-0.010907,0.28061,1.0861,,running,0.10469,-0.0057861,-1.2517,0.19141,-0.0083984,-2.32,0.28906,-0.0088867,-2.7049,0.39062,-0.0086914,-2.2546,0.4875,-0.0029541,-1.6909,0.58437,0.0016968,-2.0091,0.67813,0.0066406,-1.018,0.75625,0.023633,1.9576
89,100.85,7.1231,0.48839,0.0032178,9,15,8.095,0.6482,0.34002,0.97238,0.15668,9.1536,0.55293,5,upstream,0.3,0.017371,0.2551,0.98492,,running,0.10313,-0.0056641,-0.7798,0.18828,-0.0076172,-1.371,0.28594,-0.0068848,-1.3532,0.3875,-0.0043701,-0.23522,0.47813,0.0046143,0.98361,0.56875,0.012793,0.63233,0.65938,0.019336,1.7195,0.73438,0.036328,4.5199
90,101.19,7.2252,0.48863,0.0015523,9,15,8.095,0.6482,0.34002,0.87008,0.15822,10.306,0.72146,5,upstream,0.3,0.022665,0.26847,0.88434,,running,0.10469,-0.0057373,-0.72735,0.18828,-0.0078613,-1.4278,0.28594,-0.0067383,-1.3391,0.38594,-0.0042236,-0.33001,0.475,0.0059814,1.4717,0.56563,0.013965,1.3337,0.65313,0.022754,2.2815,0.725,0.042578,5.6994
91,101.53,7.327,0.48878,0.0078395,9,15,8.095,0.6482,0.34002,0.76921,0.15339,11.278,1.1414,5,upstream,0.3,0.035859,0.25528,0.78436,,running,0.10391,-0.0055908,-0.4651,0.18438,-0.0071289,-0.69705,0.28125,-0.0055908,-0.69783,0.37813,-0.0016846,0.95531,0.46563,0.0092773,3.024,0.55312,0.021094,3.519,0.64062,0.030469,4.0734,0.70312,0.050781,7.3798
92,101.88,7.4348,0.48961,0.017223,9,15,8.095,0.6482,0.34002,0.66286,0.1472,12.52,3.5239,5,upstream,0.3,0.11071,0.28046,0.679,,running,0.098438,-0.0056641,0.78285,0.17422,-0.0064453,2.1818,0.26406,-0.0010864,3.2223,0.34531,0.0095703,7.1533,0.425,0.026172,10.716,0.5,0.046875,14.257,0.575,0.064453,14.147,0.6375,0.085938,16.37
93,102.24,7.5364,0.49122,0.032895,10,15,8.8465,0.9141,1.8208,1.3233,0.37957,16.004,-2.7593,5,upstream,0.3,-0.086685,0.27045,0.58026,,running,0.096875,-0.0067871,-2.1113,0.17656,-0.010303,-3.1442,0.26719,-0.015137,-4.8854,0.36094,-0.019336,-5.4403,0.44375,-0.021387,-6.2207,0.5375,-0.022852,-6.5819,0.62188,-0.02168,-6.0268,0.7125,-0.0094727,-1.2394
94,102.61,7.6495,0.49566,0.06389,10,15,8.8465,0.9141,1.8208,1.2213,0.34116,15.608,-2.5887,5,upstream,0.3,-0.081328,0.25019,1.268,,running,0.097656,-0.0069336,-1.72,0.17734,-0.010449,-2.6102,0.26562,-0.014844,-4.3965,0.35625,-0.018945,-5.1664,0.44063,-0.019922,-5.2774,0.53438,-0.018945,-5.2049,0.61875,-0.016211,-4.2205,0.70625,-0.0035645,1.022
95,102.94,7.752,0.50217,0.034878,10,15,8.8465,0.9141,1.8208,1.1082,0.37351,18.627,-1.8793,5,upstream,0.3,-0.059041,0.28081,1.1694,,running,0.096094,-0.0064941,-1.5733,0.175,-0.0098633,-1.9307,0.26406,-0.013086,-3.4348,0.35625,-0.015527,-3.2378,0.4375,-0.014355,-2.7959,0.52813,-0.0083984,-1.6433,0.60313,-0.00078735,0.46596,0.675,0.021484,7.8553
96,103.29,7.8546,0.50567,0.0085469,10,15,8.8465,0.9141,1.8208,0.99532,0.39994,21.891,-1.2129,5,upstream,0.3,-0.038106,0.2704,1.0727,,running,0.094922,-0.0061279,-1.4055,0.17344,-0.0095703,-1.3532,0.26406,-0.012207,-2.6732,0.35156,-0.012695,-1.5059,0.43125,-0.0091309,-0.028319,0.51875,0.00081177,1.8709,0.58437,0.01543,5.853,0.64375,0.046289,14.731
97,103.64,7.9631,0.50645,-0.011087,10,15,8.8465,0.9141,1.8208,0.8788,0.41742,25.407,-0.083298,5,upstream,0.3,-0.0026169,0.24854,0.97289,,running,0.095703,-0.006543,-1.4405,0.17344,-0.0087891,-0.32554,0.25938,-0.010498,-1.0941,0.34375,-0.008252,0.53287,0.41563,-0.00060425,3.9693,0.49375,0.014063,7.835,0.54688,0.038672,14.328,0.5875,0.075,23.643
98,103.98,8.0594,0.50531,-0.0209,10,15,8.8465,0.9141,1.8208,0.77842,0.42515,28.642,1.7752,5,upstream,0.3,0.055769,0.2765,0.88695,,running,0.091016,-0.0060791,-0.62489,0.16484,-0.007959,1.4788,0.24375,-0.0061035,2.3385,0.31719,0.00039063,6.095,0.37969,0.011768,10.32,0.44688,0.031836,16.251,0.49063,0.059766,24.651,0.52187,0.092188,32.341
99,104.33,8.1673,0.50291,-0.01815,10,15,8.8465,0.9141,1.8208,0.67165,0.42345,32.23,2.8367,5,upstream,0.3,0.089116,0.26119,0.794,,running,0.088281,-0.0058594,-0.32872,0.15781,-0.0076172,2.8991,0.22969,-0.0044434,4.4959,0.29063,0.0040039,9.5571,0.34688,0.017188,14.717,0.4,0.039453,21.582,0.43438,0.066406,30.328,0.45625,0.097266,37.266
100,104.68,8.2687,0.50098,0.0030595,10,15,8.8465,0.9141,1.8208,0.57903,0.41135,35.39,3.4693,5,upstream,0.3,0.10899,0.26671,0.71027,,running,0.082422,-0.0054199,0.16237,0.14766,-0.0068848,4.0977,0.21094,-0.0031494,6.3846,0.26406,0.0052246,11.997,0.3125,0.018945,17.835,0.35781,0.04043,25.593,0.38281,0.065625,34.43,0.39219,0.094531,40.544
101,105.01,8.3699,0.50125,0.034663,10,15,8.8465,0.9141,1.8208,0.49057,0.39609,38.917,4.2892,5,upstream,0.3,0.13475,0.2457,0.63052,,running,0.080859,-0.0057861,0.96888,0.13828,-0.0062012,5.6153,0.19609,-0.0021118,8.4966,0.23906,0.0073242,14.883,0.28906,0.02168,20.918,0.32969,0.043359,28.949,0.35,0.069141,36.819,0.34844,0.098047,42.239
102,105.34,8.4709,0.50467,0.073952,11,15,8.5971,1.8907,2.6547,0.22824,1.3729,80.561,-1.014,5,upstream,0.3,-0.031857,0.26923,0.5556,,running,0.0875,-0.0048828,-0.48958,0.15859,-0.0078613,0.93779,0.24219,-0.011328,-0.83407,0.32812,-0.0098145,-0.28136,0.4,-0.0070801,0.79531,0.475,-0.0060303,0.33944,0.55,-0.0047607,0.15081,0.61563,0.012695,4.7944
103,105.7,8.5716,0.51243,0.11323,11,15,8.5971,1.8907,2.6547,0.18102,1.3666,82.454,-1.4353,5,upstream,0.3,-0.045092,0.2464,1.3785,,running,0.078125,-0.0044189,-0.58979,0.14609,-0.0085938,1.1154,0.21406,-0.011963,-0.10649,0.28437,-0.010254,1.4144,0.34688,-0.0086914,2.3407,0.40938,-0.0061279,3.531,0.45938,0.0018921,6.3087,0.48438,0.028906,17.899
104,106.04,8.6733,0.52402,0.10138,11,15,8.5971,1.8907,2.6547,0.062527,1.3674,87.382,-1.9133,5,upstream,0.3,-0.060107,0.29022,1.3688,,running,0.079688,-0.0044189,-0.94782,0.14844,-0.0086426,0.70692,0.21875,-0.012256,-0.76577,0.29688,-0.012402,0.21556,0.3625,-0.012109,0.6453,0.42813,-0.011865,0.62325,0.4875,-0.0059814,2.3438,0.51875,0.021484,12.781
105,106.41,8.7872,0.53553,0.083193,11,15,8.5971,1.8907,2.6547,-0.076796,1.3663,93.217,-2.9164,5,upstream,0.3,-0.091622,0.24289,1.3684,,running,0.078906,-0.0047363,-1.2727,0.15,-0.0086914,-0.76781,0.22813,-0.013965,-2.4388,0.30938,-0.016504,-3.3277,0.37188,-0.018945,-3.3964,0.44063,-0.024316,-5.5295,0.5,-0.025977,-6.3683,0.55625,-0.018359,-2.8045
106,106.74,8.8894,0.54414,0.059929,11,15,8.5971,1.8907,2.6547,-0.21111,1.3617,98.813,-2.6398,5,upstream,0.3,-0.082933,0.25681,1.3779,,running,0.080078,-0.0046143,-1.1584,0.15313,-0.0078125,-0.61812,0.23438,-0.013184,-1.8186,0.3125,-0.014844,-2.7977,0.38125,-0.017578,-3.0238,0.45312,-0.019238,-3.804,0.5125,-0.019531,-4.1757,0.56563,-0.013379,-1.1665
107,107.08,8.9859,0.54996,0.031195,11,15,8.5971,1.8907,2.6547,-0.34683,1.3522,104.39,-0.91438,5,upstream,0.3,-0.028726,0.24515,1.396,,running,0.079688,-0.0043945,-0.44409,0.14844,-0.00625,1.0128,0.22656,-0.0087891,0.77559,0.29688,-0.0077148,1.1836,0.36406,-0.0058105,2.3606,0.425,-0.0024902,3.391,0.47813,-0.0004425,3.0807,0.525,0.0099121,7.5739
108,107.42,9.0885,0.55298,0.0070074,11,15,8.5971,1.8907,2.6547,-0.48202,1.3411,109.77,-0.84185,5,upstream,0.3,-0.026448,0.27782,1.4251,,running,0.082813,-0.0053467,-0.11279,0.15078,-0.0062988,1.4906,0.22969,-0.0083984,1.0582,0.30156,-0.0066406,1.3334,0.36719,-0.0053955,2.0993,0.42813,-0.0022705,2.3086,0.48438,0.0017822,2.6144,0.53125,0.007959,4.5356
109,107.77,9.1968,0.55369,-0.0031654,11,15,8.5971,1.8907,2.6547,-0.60388,1.3351,114.34,-0.35156,5,upstream,0.3,-0.011045,0.25776,1.4653,,running,0.08125,-0.0051025,-0.40532,0.14609,-0.0055664,2.3907,0.22656,-0.0073242,2.4586,0.29688,-0.0052002,3.1005,0.36406,-0.0022339,3.8343,0.425,0.0022217,4.9293,0.47813,0.0085938,5.3801,0.52187,0.019727,8.9229
110,108.1,9.299,0.55332,-0.011043,11,15,8.5971,1.8907,2.6547,-0.71658,1.3296,118.32,-0.26655,5,upstream,0.3,-0.0083738,0.26955,1.5104,,running,0.072266,-0.0048584,-0.10394,0.12969,-0.0053955,2.6412,0.19688,-0.0065918,3.7225,0.25312,-0.0056641,3.7391,0.31094,-0.0014465,5.5495,0.35938,0.0028442,7.0927,0.40625,0.0084473,8.9479,0.44063,0.017773,13.186
111,108.45,9.401,0.55218,-0.014601,11,15,8.5971,1.8907,2.6547,-0.82339,1.3266,121.83,0.052719,5,upstream,0.3,0.0016562,0.2441,1.5614,,running,0.063281,-0.005127,-0.21324,0.11797,-0.0060059,3.2661,0.16953,-0.0063477,4.4708,0.22031,-0.0049316,5.2734,0.27031,0.00024872,8.0988,0.31094,0.0053955,10.182,0.35625,0.011426,13.382,0.39062,0.023242,20.256
112,108.79,9.5031,0.55065,-0.016453,11,15,8.5971,1.8907,2.6547,-0.92789,1.325,125,-0.49674,5,upstream,0.3,-0.015606,0.25002,1.6176,,running,0.060547,-0.005249,0.33969,0.11328,-0.0062988,2.9222,0.16172,-0.0070801,4.2714,0.20938,-0.0056885,4.1982,0.25625,-0.0022217,7.2532,0.29375,0.0026978,9.4857,0.32969,0.0055908,10.916,0.35156,0.013965,17.971
113,109.12,9.6051,0.54903,-0.017376,11,15,8.5971,1.8907,2.6547,-1.0311,1.324,127.91,0.011937,5,upstream,0.3,0,0.25213,1.6781,,running,0.055078,-0.0050049,0.36655,0.10469,-0.0063477,2.7656,0.14844,-0.0063965,4.6554,0.19141,-0.0052734,6.2224,0.23438,4.8828e-05,9.6585,0.26719,0.0060547,12.811,0.30469,0.010986,15.922,0.3375,0.021387,23.999
114,109.46,9.7012,0.54733,-0.02121,11,15,8.5971,1.8907,2.6547,-1.1323,1.3197,130.63,0.44573,5,upstream,0.3,0.014003,0.23758,1.7389,,running,0.04707,-0.0052246,0.73179,0.0875,-0.0062012,2.5295,0.12188,-0.005542,5.5198,0.15234,-0.0037109,7.4396,0.18594,0.0014465,12.619,0.21094,0.0081055,17.244,0.24063,0.014355,22.506,0.2625,0.026953,36.012
115,109.79,9.8031,0.54512,-0.01997,11,15,8.5971,1.8907,2.6547,-1.2326,1.3212,133.01,0.90727,5,upstream,0.3,0.028503,0.2621,1.8069,,running,0.046094,-0.0046631,0.47061,0.084766,-0.0061279,2.7624,0.11563,-0.0048584,5.7047,0.14219,-0.0024414,8.0716,0.17344,0.0027466,12.253,0.19609,0.0094727,16.021,0.22031,0.015723,21.231,0.24844,0.02832,33.573
116,110.14,9.9049,0.54305,-0.014274,11,15,8.5971,1.8907,2.6547,-1.3269,1.3288,134.96,1.7992,5,upstream,0.3,0.062478,0.26003,1.8779,,running,0.041602,-0.004126,0.28763,0.073047,-0.0055176,2.5397,0.10156,-0.0026489,5.8011,0.125,-0.0005249,7.7065,0.15078,0.0047363,12.348,0.16406,0.011865,16.635,0.18125,0.019727,22.839,0.19844,0.029102,39.632
117,110.47,10.007,0.54151,-0.0021606,11,15,8.5971,1.8907,2.6547,-1.4124,1.3461,136.38,2.2776,5,upstream,0.3,0.081629,0.28377,1.9512,,running,0.039648,-0.0046387,-0.15276,0.070703,-0.0053467,2.6406,0.097656,-0.002002,5.6201,0.11797,-0.00015793,7.3181,0.14609,0.0058105,12.268,0.16328,0.014258,18.187,0.18203,0.024805,26.456,0.19688,0.034961,42.138
118,110.83,10.114,0.54129,0.021936,11,15,8.5971,1.8907,2.6547,-1.487,1.3824,137.09,4.6197,5,upstream,0.3,0.22115,0.24084,2.0303,,running,0.029883,-0.0039795,0.82328,0.054297,-0.0039551,3.3994,0.075781,0.00010071,7.5232,0.084375,0.002478,8.4369,0.10938,0.0088379,11.705,0.12188,0.017578,18.375,0.13281,0.029297,31.569,0.14766,0.041406,51.6
119,111.17,10.215,0.54312,0.059419,11,15,8.5971,1.8907,2.6547,-1.5351,1.4413,136.81,8.5003,5,upstream,0.21801,0.3,0.26522,2.1057,,running,0.030078,-0.0041504,1.1984,0.052734,-0.0033447,5.543,0.070312,0.0013489,8.9198,0.080469,0.0068359,12.197,0.10781,0.016113,19.29,0.12344,0.026367,27.119,0.13359,0.038477,36.15,0.14219,0.043945,42.701
120,111.53,10.317,0.54891,0.1447,11,15,8.5971,1.8907,2.6547,-1.5087,1.5758,133.75,7.645,5,upstream,0.26172,0.3,0.29001,2.1816,,running,0.028906,-0.0038818,1.3463,0.053125,-0.0029907,6.6802,0.073047,0.0022949,10.651,0.089844,0.007666,14.448,0.11641,0.015625,22.155,0.13828,0.029883,32.53,0.15469,0.046289,47.461,0.17344,0.057813,57.529
121,111.89,10.395,0.55919,0.2527,11,15,8.5971,1.8907,2.6547,-1.4081,1.7388,129,7.7075,5,upstream,0.23172,0.3,0.25762,2.2374,,running,0.026953,-0.0032715,1.1234,0.050781,-0.002832,5.9667,0.066797,0.00271,9.9012,0.083203,0.0077148,12.184,0.10391,0.014063,18.586,0.12656,0.026172,27.597,0.13828,0.039453,40.412,0.15859,0.052734,56.205
122,112.23,10.477,0.57943,0.3547,11,15,8.5971,1.8907,2.6547,-1.3076,1.8826,124.78,8.0234,5,upstream,0.23599,0.3,0.2644,2.2922,,running,0.026172,-0.003418,1.9432,0.045898,-0.0031738,6.7961,0.066797,0.0026245,11.26,0.089063,0.0083496,14.172,0.11016,0.015527,20.916,0.13594,0.030078,31.296,0.15625,0.044531,45.279,0.17656,0.058984,55.241
123,112.56,10.55,0.60494,0.4567,11,15,8.5971,1.8907,2.6547,-1.1853,2.015,120.47,6.4615,5,upstream,0.3,0.29064,0.26301,2.3378,,running,0.027344,-0.003833,2.008,0.048633,-0.0038086,6.6186,0.071094,0.001709,11.543,0.094922,0.006543,14.953,0.11641,0.013184,22.237,0.13984,0.025977,31.726,0.16406,0.041797,46.185,0.19375,0.060547,55.644
124,112.9,10.623,0.64023,0.55786,11,15,8.5971,1.8907,2.6547,-1.0569,2.1334,116.35,6.6839,5,upstream,0.3,0.27997,0.25751,2.3808,,running,0.029688,-0.0040771,2.1098,0.051172,-0.0047119,6.7427,0.076953,0.0016235,12.103,0.10234,0.0066406,16.851,0.125,0.014648,24.745,0.15156,0.028125,34.252,0.17969,0.045117,46.42,0.2125,0.065234,52.602
125,113.24,10.661,0.68783,0.62977,11,15,8.5971,1.8907,2.6547,-0.95964,2.1877,113.68,7.5394,5,upstream,0.3,0.29723,0.26892,2.389,,running,0.028906,-0.0034424,1.5626,0.055078,-0.0044189,6.475,0.082813,0.0028198,11.616,0.10781,0.0083008,16.608,0.13281,0.017578,24.669,0.1625,0.03418,35.732,0.18984,0.051172,48.552,0.22188,0.06875,54.039
126,113.57,10.662,0.74646,0.7261,11,15,8.5971,1.8907,2.6547,-0.78415,2.2265,109.4,7.3738,5,upstream,0.3,0.2907,0.27871,2.3605,,running,0.029688,-0.0038574,2.4441,0.055859,-0.0045898,6.3662,0.082422,0.0026855,11.758,0.10781,0.0073242,15.891,0.13281,0.017188,24.187,0.16797,0.035156,35.266,0.19922,0.051172,45.381,0.22344,0.065625,48.131
127,113.92,10.665,0.81254,0.82672,11,15,8.5971,1.8907,2.6547,-0.6074,2.2517,105.1,6.9683,5,upstream,0.3,0.25945,0.26488,2.3322,,running,0.032813,-0.0039795,1.9565,0.059375,-0.0040771,6.2749,0.086328,0.0025879,11.94,0.11563,0.0079102,16.249,0.14062,0.017188,23.902,0.16953,0.032617,33.598,0.19453,0.046875,43.043,0.21875,0.062891,48.972
128,114.26,10.671,0.89041,0.92876,11,15,8.5971,1.8907,2.6547,-0.44087,2.26,101.04,6.1942,5,upstream,0.3,0.24859,0.26607,2.3026,,running,0.032227,-0.0037109,2.1013,0.058594,-0.0043213,6.5366,0.08125,0.0016479,11.261,0.11016,0.0060059,15.693,0.13047,0.01416,22.953,0.15391,0.028516,32.217,0.17578,0.042188,42.689,0.20625,0.062109,48.967
129,114.6,10.674,0.96207,1.0038,11,15,8.5971,1.8907,2.6547,-0.33201,2.2505,98.392,7.125,5,upstream,0.3,0.29845,0.25973,2.2749,,running,0.031836,-0.0032959,2.3081,0.053906,-0.0032227,6.9464,0.080469,0.0029175,12.2,0.10625,0.0079102,15.974,0.125,0.015625,23.665,0.14844,0.029297,33.739,0.16641,0.046875,46.325,0.19531,0.069141,48.873
130,114.94,10.674,0.96338,1.0543,11,15,8.5971,1.8907,2.6547,-0.21932,2.2638,95.534,6.216,5,upstream,0.3,0.24363,0.26715,2.2744,,running,0.032227,-0.0041992,2.5541,0.05625,-0.0039062,6.9479,0.085547,0.0023804,12.953,0.1125,0.0074219,17.546,0.13359,0.014551,24.601,0.15547,0.028125,34.824,0.17813,0.046289,47.97,0.20781,0.067969,49.521
131,115.28,10.674,0.96543,1.1037,11,15,8.5971,1.8907,2.6547,-0.10937,2.2715,92.757,6.435,5,upstream,0.3,0.24786,0.27582,2.2741,,running,0.032227,-0.004126,2.0557,0.058594,-0.0035156,6.4511,0.085156,0.0017456,12.842,0.1125,0.0072754,16.775,0.13594,0.015332,24.504,0.1625,0.031055,35.673,0.18438,0.05,47.579,0.21406,0.074609,46.913
132,115.64,10.675,0.9671,1.1343,11,15,8.5971,1.8907,2.6547,-0.041636,2.274,91.049,6.3131,5,upstream,0.3,0.24316,0.26144,2.2744,,running,0.033203,-0.0041016,2.2658,0.058594,-0.0038574,6.2162,0.085156,0.0014587,12.668,0.1125,0.0062012,17.074,0.13594,0.015039,24.745,0.1625,0.031445,36.803,0.18672,0.049805,49.649,0.21563,0.073047,50.417
133,115.98,10.675,0.96648,1.1234,11,15,8.5971,1.8907,2.6547,-0.065743,2.2732,91.657,7.002,5,upstream,0.3,0.27284,0.27499,2.2741,,running,0.033398,-0.0039062,2.2226,0.058594,-0.0033936,6.625,0.084375,0.0024658,13.013,0.11172,0.0075684,17.627,0.13437,0.016504,25.502,0.16094,0.033789,36.451,0.18047,0.052734,47.203,0.20938,0.077734,47.151
134,116.32,10.675,0.9661,1.1172,11,15,8.5971,1.8907,2.6547,-0.079358,2.2727,92,7.2473,5,upstream,0.3,0.28076,0.29384,2.274,,running,0.03125,-0.0037598,2.0723,0.054297,-0.0029419,6.4098,0.082031,0.0022949,12.286,0.10938,0.0076172,16.431,0.13516,0.017188,24.432,0.1625,0.03457,36.457,0.18828,0.054688,48.041,0.21406,0.076953,48.674
135,116.69,10.675,0.96632,1.1205,11,15,8.5971,1.8907,2.6547,-0.07218,2.2731,91.819,6.7741,5,upstream,0.3,0.25083,0.27172,2.2742,,running,0.03457,-0.0042969,2.5726,0.060938,-0.0037842,6.7443,0.087891,0.0019043,13.381,0.11563,0.0073242,18.393,0.14141,0.016797,26.042,0.16953,0.03457,38.27,0.19297,0.054297,48.779,0.22031,0.079688,48.159
136,117.04,10.675,0.96617,1.1181,11,15,8.5971,1.8907,2.6547,-0.077444,2.2728,91.952,5.9876,5,upstream,0.3,0.23063,0.29522,2.2741,,running,0.032227,-0.0042969,2.1418,0.058984,-0.0037842,6.3043,0.086328,0.0018677,12.602,0.11328,0.0064941,16.511,0.13594,0.014258,23.744,0.16094,0.028906,34.643,0.18203,0.047461,47.291,0.21406,0.071875,47.381
137,117.41,10.675,0.96655,1.124,11,15,8.5971,1.8907,2.6547,-0.064408,2.2732,91.623,6.7722,5,upstream,0.3,0.25215,0.25278,2.2741,,running,0.03418,-0.0044434,2.6443,0.060547,-0.0040039,6.5415,0.0875,0.0018066,13.205,0.11484,0.0071289,18.228,0.14062,0.016699,25.787,0.16953,0.033984,37.659,0.19297,0.053906,49.457,0.22188,0.079688,48.337
138,117.75,10.675,0.96601,1.1138,11,15,8.5971,1.8907,2.6547,-0.087068,2.2726,92.194,6.2519,5,upstream,0.3,0.2354,0.27295,2.2742,,running,0.033398,-0.0044678,2.6233,0.060156,-0.0038086,6.6875,0.087109,0.0015198,13.086,0.11328,0.0064941,17.416,0.13906,0.015234,25.171,0.16875,0.032422,37.062,0.19297,0.051953,48.895,0.21563,0.077344,48.508
139,118.09,10.675,0.96645,1.1233,11,15,8.5971,1.8907,2.6547,-0.065897,2.2732,91.66,6.1911,5,upstream,0.3,0.23847,0.29077,2.2742,,running,0.032227,-0.0042236,2.1418,0.058984,-0.0036133,6.3337,0.085156,0.0015747,12.777,0.11328,0.0068359,16.699,0.13594,0.014746,24.254,0.1625,0.030078,35.099,0.18359,0.049219,47.291,0.21406,0.073828,47.261
140,118.48,10.675,0.9666,1.124,11,15,8.5971,1.8907,2.6547,-0.064409,2.2734,91.623,7.0845,5,upstream,0.3,0.27288,0.25899,2.2743,,running,0.034375,-0.0043701,2.5253,0.059766,-0.0034912,6.8604,0.085156,0.0023315,13.375,0.11328,0.0074707,18.35,0.13594,0.016895,26.026,0.16172,0.03418,37.011,0.18203,0.053516,47.793,0.20938,0.077734,48.027
141,118.81,10.675,0.96571,1.109,11,15,8.5971,1.8907,2.6547,-0.097449,2.272,92.456,7.01,5,upstream,0.3,0.25533,0.2589,2.2741,,running,0.033203,-0.0042236,2.4964,0.058203,-0.0035645,6.6229,0.087109,0.0022461,12.848,0.11641,0.0077148,17.479,0.14375,0.017676,26.303,0.17422,0.036523,39.382,0.20312,0.058594,48.307,0.225,0.082031,49.104
142,119.15,10.674,0.965,1.0942,11,15,8.5971,1.8907,2.6547,-0.13034,2.2704,93.286,7.0462,5,upstream,0.3,0.26382,0.26071,2.2741,,running,0.032422,-0.0039307,2.1937,0.057031,-0.0032227,6.179,0.085547,0.002478,12.422,0.11406,0.0078125,16.674,0.13984,0.017285,24.837,0.17031,0.035352,37.342,0.19688,0.055078,47.999,0.22031,0.077344,49.141
143,119.48,10.674,0.96485,1.0911,11,15,8.5971,1.8907,2.6547,-0.1373,2.2699,93.461,6.8079,5,upstream,0.3,0.25633,0.24908,2.2741,,running,0.03418,-0.004126,2.5438,0.060547,-0.0036377,6.4539,0.087109,0.0018799,13.142,0.11484,0.0073242,17.891,0.13906,0.016602,25.381,0.16797,0.033594,37.208,0.18984,0.052344,49.358,0.21563,0.076563,48.641
144,119.82,10.675,0.96654,1.1249,11,15,8.5971,1.8907,2.6547,-0.062246,2.2731,91.569,6.6123,5,upstream,0.3,0.24758,0.2609,2.274,,running,0.034375,-0.0042969,2.6909,0.060547,-0.0039307,6.5415,0.087109,0.0019165,13.146,0.11484,0.0070801,18.228,0.13984,0.016211,25.662,0.16797,0.033984,37.528,0.19141,0.053516,49.068,0.22188,0.079297,48.439
145,120.16,10.676,0.96604,1.1113,11,15,8.5971,1.8907,2.6547,-0.093187,2.2732,92.347,6.2963,5,upstream,0.3,0.23574,0.27394,2.2751,,running,0.033789,-0.0043701,2.2906,0.060156,-0.0038818,6.2492,0.087109,0.0013367,12.376,0.11406,0.0063965,16.762,0.13984,0.01543,24.504,0.16797,0.032617,36.607,0.19297,0.051563,48.898,0.21719,0.073438,48.715
146,120.51,10.676,0.96613,1.1142,11,15,8.5971,1.8907,2.6547,-0.086505,2.2732,92.179,6.5697,5,upstream,0.3,0.24736,0.25945,2.2748,,running,0.033203,-0.0045654,2.6052,0.058984,-0.0036865,6.3893,0.086328,0.0015076,12.668,0.11328,0.0069336,16.762,0.13906,0.016016,24.877,0.16797,0.033789,37.003,0.19375,0.053516,48.321,0.21563,0.076953,47.762
147,120.85,10.674,0.96487,1.0908,11,15,8.5971,1.8907,2.6547,-0.13807,2.27,93.481,7.2438,5,upstream,0.3,0.27275,0.26695,2.2742,,running,0.031836,-0.003833,2.3039,0.055859,-0.003064,6.3862,0.083984,0.0026489,12.596,0.11328,0.0082031,16.827,0.13906,0.017676,24.963,0.16875,0.035938,37.421,0.19531,0.05625,48.195,0.22031,0.078516,49.338
148,121.18,10.674,0.96512,1.0972,11,15,8.5971,1.8907,2.6547,-0.12359,2.2707,93.115,7.289,5,upstream,0.3,0.28402,0.27016,2.274,,running,0.031641,-0.0036377,2.0433,0.054688,-0.0028198,6.6485,0.081641,0.0023804,12.826,0.10938,0.0076172,17.419,0.13437,0.017188,25.879,0.16172,0.034766,37.797,0.18594,0.055859,49.293,0.2125,0.081641,49.546
149,121.53,10.674,0.96538,1.1025,11,15,8.5971,1.8907,2.6547,-0.11192,2.2713,92.821,6.2519,5,upstream,0.3,0.2354,0.26525,2.2741,,running,0.033594,-0.0046875,2.5236,0.060547,-0.0038574,6.3077,0.0875,0.0012695,12.728,0.11484,0.0064453,17.122,0.13906,0.015234,24.755,0.16797,0.032422,37.459,0.19297,0.051563,49.629,0.21719,0.075781,49.475
150,121.86,10.674,0.96519,1.0987,11,15,8.5971,1.8907,2.6547,-0.12036,2.2709,93.034,7.0087,5,upstream,0.3,0.25809,0.29089,2.2741,,running,0.033008,-0.004126,2.3091,0.057813,-0.003418,6.1829,0.086328,0.0024048,12.602,0.11563,0.007959,16.991,0.14219,0.01748,25.115,0.17188,0.035742,38.082,0.2,0.056641,48.351,0.22188,0.078125,48.321
151,122.23,10.674,0.96511,1.0968,11,15,8.5971,1.8907,2.6547,-0.12461,2.2706,93.141,6.7217,5,upstream,0.3,0.25742,0.25152,2.274,,running,0.032422,-0.0042236,2.4193,0.058203,-0.0034424,6.2456,0.084766,0.0018677,12.369,0.11172,0.0070313,16.963,0.13672,0.016113,24.48,0.16641,0.033008,37.07,0.19141,0.052734,48.592,0.21406,0.077734,48.967
152,122.57,10.674,0.96555,1.1056,11,15,8.5971,1.8907,2.6547,-0.10498,2.2717,92.646,6.895,5,upstream,0.3,0.25114,0.27714,2.2741,,running,0.032813,-0.004248,2.799,0.057813,-0.0034912,7.0365,0.086328,0.0023071,13.205,0.11641,0.0077637,18.352,0.14375,0.017383,26.437,0.175,0.036719,40.462,0.20469,0.059766,49.069,0.22969,0.0875,49.803
